{"resourceType":"ValueSet","id":"days-of-week","extension":[{"url":"http://hl7.org/fhir/StructureDefinition/valueset-oid","valueUri":"urn:oid:2.16.840.1.113883.4.642.2.302"}],"url":"http://hl7.org/fhir/ValueSet/days-of-week","version":"1.0.2","name":"DaysOfWeek","status":"draft","experimental":false,"publisher":"HL7 (FHIR Project)","contact":[{"telecom":[{"system":"other","value":"http://hl7.org/fhir"},{"system":"email","value":"fhir@lists.hl7.org"}]}],"date":"2015-10-24T07:41:03+11:00","description":"The days of the week.","codeSystem":{"system":"http://hl7.org/fhir/days-of-week","version":"1.0.2","caseSensitive":true,"concept":[{"code":"mon","display":"Monday","definition":"Monday"},{"code":"tue","display":"Tuesday","definition":"Tuesday"},{"code":"wed","display":"Wednesday","definition":"Wednesday"},{"code":"thu","display":"Thursday","definition":"Thursday"},{"code":"fri","display":"Friday","definition":"Friday"},{"code":"sat","display":"Saturday","definition":"Saturday"},{"code":"sun","display":"Sunday","definition":"Sunday"}]},"expansion":{"identifier":"urn:uuid:b3867d01-3d57-4fcb-89fb-b4cae0aa11f3","timestamp":"2015-10-22T12:31:50+11:00","parameter":[{"name":"version","valueUri":"http://hl7.org/fhir/ValueSet/days-of-week?version=1.0.2"}],"contains":[{"system":"http://hl7.org/fhir/days-of-week","code":"mon","display":"Monday"},{"system":"http://hl7.org/fhir/days-of-week","code":"tue","display":"Tuesday"},{"system":"http://hl7.org/fhir/days-of-week","code":"wed","display":"Wednesday"},{"system":"http://hl7.org/fhir/days-of-week","code":"thu","display":"Thursday"},{"system":"http://hl7.org/fhir/days-of-week","code":"fri","display":"Friday"},{"system":"http://hl7.org/fhir/days-of-week","code":"sat","display":"Saturday"},{"system":"http://hl7.org/fhir/days-of-week","code":"sun","display":"Sunday"}]}}